<?xml version="1.0" encoding="UTF-8"?>
<Entities>
    <ExtensionPackages>
        <ExtensionPackage
         dependsOn=""
         description=""
         haCompatible="false"
         minimumThingWorxVersion="9.0.0"
         name="PingRequest"
         packageVersion="1.0.0"
         vendor="CSK">
            <JarResources>
                <FileResource
                 description=""
                 file="pingrequest.jar"
                 type="JAR"></FileResource>
            </JarResources>
        </ExtensionPackage>
    </ExtensionPackages>
    <Resources>
        <Resource
         aspect.isCreatable="false"
         aspect.isEditableExtensionObject="false"
         className="PingRequest_Resource"
         description=""
         name="PingRequest_Resource"></Resource>
    </Resources>
</Entities>
